Trattamento,Codice,Sottocategoria
Consumo benefit da art. 100 C.1,370,
Art.100 c. 1,370,
Richiesta Voucher,370,
"Art.51 c. 2, f bis",372,
X71180,380,
Art. 51 c2 lett f-bis,373,
Art. 51 c.2 lett. f-ter,376,
Voucher Fringe Benefit,371,
art. 51 co. 2 lett. h,382,
Consumo fringe benefit ART.51 C.3,371,
Art. 51 c.2 lett. a,380,
F.di Previdenziali,382,
Benefit art.51 c.3,371,
Benefit art.51 c.2 let f-bis,373,
Art. 51 c.3,371,
Art. 51 c.3,371,
Art. 51 c.2 lett. d-bis,377,
Art. 51 c.2 lett. f,370,
TUIR - Art.51 c.2f (ex Art.100),370,
"Art.51 c. 2, d bis",377,
Art. 51 c.2 lett. f-bis,375,Centri estivi ed invernali
TUIR - Art.51 c.3 (Fringe),371,
Benefit art.51 c.2 lett.f,370,
Art. 51 c.2 lett. h,382,
Art. 51 c2 lett f-bis O12,373,
Art. 51 c.2 lett. f-bis,376,Assistenza familiari anziani
X71173,373,
X71203,370,
Consumo benefit ART.51 C.2 lett.H,382,
Art.100 [FCI Art.74],370,
Art.51 c. 3,194,Effettivo
"Art.51 c. 2, h",382,
Art.51 c.3 [FCI Art.6 QUATER],371,
Art.51 c.3 [FCI Art.2],371,
Art. 51 c.2 lett. f-bis,373,Istruzione non universitaria
"Art.51 c. 2, a",380,
