Codice Ditta,CodAnagraficoLav,Nome Dipendente,CodiceFiscale,RagioneSociale
4012,4,Bellini Gian Luca,BLLGLC87B23B354L,Alfa Servizi S.r.l.
4012,10,Noemi La Rocca,LRCNMO75P50H501M,Alfa Servizi S.r.l.
4012,12,Gian Marco La Rocca,LRCGMR70T11F205C,Alfa Servizi S.r.l.
4012,20,Conte Beatrice,CNTBRC99M65C351H,Alfa Servizi S.r.l.
4012,27,Valentina Martini Sala,MRTVNT64H48E506I,Alfa Servizi S.r.l.
4012,36,Mariani Gian Marco,MRNGMR89C16H501C,Alfa Servizi S.r.l.
4012,38,Benedetti Luca,BNDLCU70P08H501B,Alfa Servizi S.r.l.
4012,41,De Rosa Emanuele,DRSMNL80M02L219M,Alfa Servizi S.r.l.
4012,49,Federica Messina,MSSFRC89L64E506P,Alfa Servizi S.r.l.
4012,57,Tommaso Carbone,CRBTMS91D01C351I,Alfa Servizi S.r.l.
4012,60,Palumbo Nicola,PLMNCL69A28L736N,Alfa Servizi S.r.l.
4012,41,De Rosa Emanuele,DRSMNL80M02L219M,Alfa Servizi S.r.l.
4012,27,Valentina Martini Sala,MRTVNT64H48E506I,Alfa Servizi S.r.l.
4027,15000,Marco Antonio Russo,RSSMCN93H04C351J,Bruni Logistica S.p.A.
4027,15013,Fabio Della Rosa,DLLFBA82E07C351X,Bruni Logistica S.p.A.
4027,15026,Giulia Anna Colombo Villa,CLMGNN65C43D612Y,Bruni Logistica S.p.A.
4027,15052,Simone Vitale,VTLSMN89P13G273E,Bruni Logistica S.p.A.
4027,15065,De Santis Laura,DSNLRA73M48D612K,Bruni Logistica S.p.A.
4027,15078,Farina Massimo,FRNMSM82M10G273I,Bruni Logistica S.p.A.
4027,15091,Martinelli Tommaso,MRTTMS81A18L736J,Bruni Logistica S.p.A.
4027,15104,De Rosa Laura,DRSLRA91M63D612N,Bruni Logistica S.p.A.
4033,2,Russo Gian Luca,RSSGLC93R28D612C,Cedro Consulting S.r.l.
4033,4,Marta La Rocca,LRCMRT85R44E506B,Cedro Consulting S.r.l.
4033,12,Rizzo Neri Anna Maria,RZZNMR78R62L736Y,Cedro Consulting S.r.l.
4033,19,Santoro Ilaria,SNTLRI92P67F205X,Cedro Consulting S.r.l.
4033,28,Lombardi Noemi,LMBNMO65E66F205Q,Cedro Consulting S.r.l.
4033,36,Colombo Villa Giulia,CLMGLI89R51G273T,Cedro Consulting S.r.l.
4033,43,Rinaldi Noemi,RNLNMO96L68L736L,Cedro Consulting S.r.l.
4033,52,Andrea Caruso,CRSNDR65M19B354Q,Cedro Consulting S.r.l.
4033,60,Monti Giuseppe,MNTGPP71A13E506I,Cedro Consulting S.r.l.
4033,67,Monti Sofia,MNTSFO92A62E506Y,Cedro Consulting S.r.l.
4033,73,Nicola Ferri,FRRNCL63L24F205C,Cedro Consulting S.r.l.
4033,78,Leone Aurora,LNERRA92E41A944E,Cedro Consulting S.r.l.
4033,78,Leone Aurora,LNERRA92E41A944E,Cedro Consulting S.r.l.
4041,7,Conti Anna Lisa,CNTNLS95E42L736X,Delta Impianti S.r.l.
4041,13,Ferrari Galli Aurora,FRRRRA73T41H501T,Delta Impianti S.r.l.
4041,17,Dal Bello Maria Chiara,DLBMCH80D64H501T,Delta Impianti S.r.l.
4041,20,Martinelli Emanuele,MRTMNL82P19B354B,Delta Impianti S.r.l.
4041,29,Marchetti Francesca,MRCFNC93E61L219E,Delta Impianti S.r.l.
4041,36,Dal Bello Nicola,DLBNCL99T16L736V,Delta Impianti S.r.l.
4041,43,Ferrara Luca,FRRLCU95T23L219Y,Delta Impianti S.r.l.
4041,50,Fontana Gian Marco,FNTGMR66D15D612O,Delta Impianti S.r.l.
4041,53,Galli Laura,GLLLRA74S52B354L,Delta Impianti S.r.l.
4041,59,Romano Noemi,RMNNMO96S59C351C,Delta Impianti S.r.l.
4041,65,Giuseppe Mancini,MNCGPP99L14D612T,Delta Impianti S.r.l.
4041,73,Leone Gabriele,LNEGRL94P16A944D,Delta Impianti S.r.l.
4058,100,Longo Maria Grazia,LNGMGR82E42L736I,Eolo Digital S.r.l.
4058,107,Gabriele Rossi Bianchi,RSSGRL73H09L736N,Eolo Digital S.r.l.
4058,114,De Santis Marco Antonio,DSNMCN70A28A944H,Eolo Digital S.r.l.
4058,121,Romano Elena,RMNLNE64D41B354U,Eolo Digital S.r.l.
4058,128,Francesca Romano,RMNFNC63H44B354I,Eolo Digital S.r.l.
4058,135,La Rocca Paolo,LRCPLA67C19G273Y,Eolo Digital S.r.l.
4058,142,Bellini Francesca,BLLFNC77T45D612F,Eolo Digital S.r.l.
4058,149,Giulia Esposito,SPSGLI91P61E506Z,Eolo Digital S.r.l.
4058,156,Parisi Laura,PRSLRA68C64C351Q,Eolo Digital S.r.l.
4058,163,Ferrara Sara,FRRSRA62B54C351I,Eolo Digital S.r.l.
4058,170,Andrea Ferrari,FRRNDR94S16H501R,Eolo Digital S.r.l.
4058,107,Gabriele Rossi Bianchi,RSSGRL73H09L736N,Eolo Digital S.r.l.
4064,9,Maria Grazia Costa,CSTMGR84S60E506K,Faro Media S.r.l.
4064,14,Sara Martini Sala,MRTSRA64L61D612X,Faro Media S.r.l.
4064,20,Dal Bello Gian Luca,DLBGLC91E20D612X,Faro Media S.r.l.
4064,25,Colombo Marco,CLMMRC70E21D612W,Faro Media S.r.l.
4064,30,Leone Martina,LNEMTN78B48G273B,Faro Media S.r.l.
4064,35,Di Marco Martina,DMRMTN63B54L219M,Faro Media S.r.l.
4064,37,Davide Bruno,BRNDVD68B08E506M,Faro Media S.r.l.
4064,43,Morelli Gian Marco,MRLGMR72P28D612X,Faro Media S.r.l.
4064,46,Bellini Anna Maria,BLLNMR67L44L219O,Faro Media S.r.l.
4064,55,Chiara Martinelli,MRTCHR82M67F205M,Faro Media S.r.l.
4064,58,Rizzo Sara,RZZSRA76C60E506J,Faro Media S.r.l.
4064,65,Pagano Aurora,PGNRRA70P56C351S,Faro Media S.r.l.
4064,37,Davide Bruno,BRNDVD68B08E506M,Faro Media S.r.l.
4064,30,Leone Martina,LNEMTN78B48G273B,Faro Media S.r.l.
4072,8,Silvestri Maria Grazia,SLVMGR72B42D612I,Granito Costruzioni S.p.A.
4072,15,De Santis Lorenzo,DSNLNZ74D02L219S,Granito Costruzioni S.p.A.
4072,20,Ferrari Galli Gian Marco,FRRGMR66H08G273R,Granito Costruzioni S.p.A.
4072,28,Anna Marini,MRNNNA65R55B354H,Granito Costruzioni S.p.A.
4072,32,Ferri Gabriele,FRRGRL69B21B354V,Granito Costruzioni S.p.A.
4072,41,La Rocca Elena,LRCLNE81M61F205F,Granito Costruzioni S.p.A.
4072,45,Maria Chiara Gallo,GLLMCH95P55A944N,Granito Costruzioni S.p.A.
4072,52,Riva Paolo,RVIPLA88E07F205A,Granito Costruzioni S.p.A.
4072,59,Martini Giulia,MRTGLI82E43D612E,Granito Costruzioni S.p.A.
4072,64,Anna Sanna,SNNNNA78S45L736P,Granito Costruzioni S.p.A.
4072,70,Alessandro Marino,MRNLSN64L12A944V,Granito Costruzioni S.p.A.
4072,78,Federica Giordano,GRDFRC73E45L736E,Granito Costruzioni S.p.A.
4072,45,Maria Chiara Gallo,GLLMCH95P55A944N,Granito Costruzioni S.p.A.
4072,28,Anna Marini,MRNNNA65R55B354H,Granito Costruzioni S.p.A.
4085,15000,Galli Marco Antonio,GLLMCN80E03H501K,Iride Farma S.r.l.
4085,15013,Davide Di Marco,DMRDVD99P01H501P,Iride Farma S.r.l.
4085,15026,Rossi Bianchi Maria Grazia,RSSMGR96H57G273N,Iride Farma S.r.l.
4085,15039,Santoro Gabriele,SNTGRL85A05E506W,Iride Farma S.r.l.
4085,15052,Francesca Farina,FRNFNC70M57E506A,Iride Farma S.r.l.
4085,15065,Ferrari Galli Noemi,FRRNMO72R65H501A,Iride Farma S.r.l.
4085,15078,Testa Marta,TSTMRT65D43L736Z,Iride Farma S.r.l.
4085,15091,Caruso Martina,CRSMTN65L63L736I,Iride Farma S.r.l.
4085,15104,Piras Maria Chiara,PRSMCH72C68C351S,Iride Farma S.r.l.
4085,15117,Giuseppe Esposito,SPSGPP82D14F205K,Iride Farma S.r.l.
4085,15130,Piras Silvia,PRSSLV77L55D612K,Iride Farma S.r.l.
4085,15039,Santoro Gabriele,SNTGRL85A05E506W,Iride Farma S.r.l.
4085,15130,Piras Silvia,PRSSLV77L55D612K,Iride Farma S.r.l.
4085,15000,Galli Marco Antonio,GLLMCN80E03H501K,Iride Farma S.r.l.
4093,7,Pier Paolo Melis,MLSPPL86T05C351V,Larice Design S.r.l.
4093,16,Laura Ferrari Galli,FRRLRA72A57G273R,Larice Design S.r.l.
4093,22,Giulia Anna Di Marco,DMRGNN91L60H501Z,Larice Design S.r.l.
4093,28,Longo Luca,LNGLCU92A04A944E,Larice Design S.r.l.
4093,36,Martini Sala Nicola,MRTNCL89C22H501Z,Larice Design S.r.l.
4093,38,Coppola Alessandro,CPPLSN92D26D612T,Larice Design S.r.l.
4093,47,Alessia Palumbo,PLMLSS62D66A944R,Larice Design S.r.l.
4093,55,Giuseppe Santoro,SNTGPP86M18E506I,Larice Design S.r.l.
4093,61,Farina Chiara,FRNCHR74D52L219E,Larice Design S.r.l.
4093,63,Marchetti Paolo,MRCPLA90T05L736F,Larice Design S.r.l.
4093,66,Grasso Anna Maria,GRSNMR67T63G273P,Larice Design S.r.l.
4093,7,Pier Paolo Melis,MLSPPL86T05C351V,Larice Design S.r.l.
4093,55,Giuseppe Santoro,SNTGPP86M18E506I,Larice Design S.r.l.
4106,15000,Anna Maria Mazza,MZZNMR80P57C351A,Mirto Software S.r.l.
4106,15013,Federica Rizzo Neri,RZZFRC78L60H501V,Mirto Software S.r.l.
4106,15026,Rossi Bianchi Marco Antonio,RSSMCN81L18D612B,Mirto Software S.r.l.
4106,15039,Amato Alessandro,MTALSN96P02L736U,Mirto Software S.r.l.
4106,15052,Ricci Emanuele,RCCMNL92E26L736W,Mirto Software S.r.l.
4106,15065,Pier Paolo Rizzo Neri,RZZPPL97M08B354L,Mirto Software S.r.l.
4106,15078,Benedetti Alessia,BNDLSS75D53E506V,Mirto Software S.r.l.
4106,15091,Gallo Ilaria,GLLLRI67A56B354V,Mirto Software S.r.l.
4106,15104,Chiara Neri,NRECHR73T43E506D,Mirto Software S.r.l.
4106,15117,Emanuele Neri,NREMNL70L11E506D,Mirto Software S.r.l.
4106,15130,Russo Alessia,RSSLSS74P66G273W,Mirto Software S.r.l.
4119,8,De Rosa Luca Maria,DRSLMR64H27D612L,Noce Alimentare S.p.A.
4119,17,Della Rosa Noemi,DLLNMO74R66A944U,Noce Alimentare S.p.A.
4119,26,Maria Grazia Della Rosa,DLLMGR79M55F205D,Noce Alimentare S.p.A.
4119,31,Sara Testa,TSTSRA80T45G273M,Noce Alimentare S.p.A.
4119,35,Pietro Pagano,PGNPTR79C23B354D,Noce Alimentare S.p.A.
4119,44,Colombo Villa Tommaso,CLMTMS95A25F205O,Noce Alimentare S.p.A.
4119,46,Silvia Coppola,CPPSLV90R44L219Y,Noce Alimentare S.p.A.
4119,48,Fumagalli Andrea,FMGNDR65A19A944P,Noce Alimentare S.p.A.
4119,56,Marini Riccardo,MRNRCR97H10B354W,Noce Alimentare S.p.A.
4119,63,Davide Conti,CNTDVD91R07C351J,Noce Alimentare S.p.A.
4119,31,Sara Testa,TSTSRA80T45G273M,Noce Alimentare S.p.A.
4124,100,Fumagalli Luca Maria,FMGLMR70R22L219N,Olmo Energia S.r.l.
4124,107,Pietro Di Marco,DMRPTR68A15G273I,Olmo Energia S.r.l.
4124,114,Lo Presti Maria Grazia,LPRMGR97P49B354W,Olmo Energia S.r.l.
4124,121,Anna Mancini,MNCNNA85D65L219N,Olmo Energia S.r.l.
4124,128,Grasso Pier Paolo,GRSPPL92B03D612S,Olmo Energia S.r.l.
4124,135,Colombo Villa Laura,CLMLRA76B65D612B,Olmo Energia S.r.l.
4124,142,Rizzo Alessandro,RZZLSN84B19E506J,Olmo Energia S.r.l.
4124,149,Bernardi Riccardo,BRNRCR63A22L219Q,Olmo Energia S.r.l.
4124,156,Giulia Fumagalli,FMGGLI63S67E506C,Olmo Energia S.r.l.
4124,135,Colombo Villa Laura,CLMLRA76B65D612B,Olmo Energia S.r.l.
4131,15000,Maria Grazia Giordano,GRDMGR78B42A944X,Pino Trasporti S.r.l.
4131,15013,Di Marco Francesca,DMRFNC63D44E506D,Pino Trasporti S.r.l.
4131,15026,Colombo Villa Pier Paolo,CLMPPL81C21A944T,Pino Trasporti S.r.l.
4131,15039,Bruno Simone,BRNSMN82B02B354T,Pino Trasporti S.r.l.
4131,15065,Maria Chiara De Santis,DSNMCH72R47L736U,Pino Trasporti S.r.l.
4131,15078,Andrea Galli,GLLNDR93A01E506M,Pino Trasporti S.r.l.
4131,15091,Amato Luca,MTALCU87A14L219X,Pino Trasporti S.r.l.
4131,15104,Giulia Guerra,GRRGLI85L66A944D,Pino Trasporti S.r.l.
4131,15117,Anna Maria Santoro,SNTNMR70D63H501D,Pino Trasporti S.r.l.
4131,15130,Orlando Gian Marco,RLNGMR68T17D612I,Pino Trasporti S.r.l.
4131,15013,Di Marco Francesca,DMRFNC63D44E506D,Pino Trasporti S.r.l.
4131,15104,Giulia Guerra,GRRGLI85L66A944D,Pino Trasporti S.r.l.
4140,4,Ferrari Giulia Anna,FRRGNN69S56A944T,Quercia Studio Associato
4140,10,Laura Rossi Bianchi,RSSLRA96A62F205K,Quercia Studio Associato
4140,13,Giovanni Battista Rizzo Neri,RZZGNN85L18B354G,Quercia Studio Associato
4140,19,Pellegrini Laura,PLLLRA93C65H501L,Quercia Studio Associato
4140,23,Longo Chiara,LNGCHR87D44A944X,Quercia Studio Associato
4140,28,Martina La Rocca,LRCMTN96P56L736F,Quercia Studio Associato
4140,36,Martini Sofia,MRTSFO75B58H501H,Quercia Studio Associato
4140,44,Carbone Marco,CRBMRC83L08C351S,Quercia Studio Associato
4140,49,Lorenzo Santoro,SNTLNZ84P22L736N,Quercia Studio Associato
4140,53,Anna D'angelo,DNGNNA85E52L736Y,Quercia Studio Associato
4140,62,Martina Melis,MLSMTN68T64B354N,Quercia Studio Associato
4140,28,Martina La Rocca,LRCMTN96P56L736F,Quercia Studio Associato
4152,8,Maria Sole Mazza,MZZMSL84B55F205E,Rovere Meccanica S.p.A.
4152,11,Lo Presti Sofia,LPRSFO87E60L736K,Rovere Meccanica S.p.A.
4152,17,Gian Marco Lo Presti,LPRGMR79C07F205A,Rovere Meccanica S.p.A.
4152,20,Mariani Noemi,MRNNMO94B60H501P,Rovere Meccanica S.p.A.
4152,28,Ilaria Caruso,CRSLRI89B53H501E,Rovere Meccanica S.p.A.
4152,35,Colombo Villa Fabio,CLMFBA88T03G273I,Rovere Meccanica S.p.A.
4152,37,Galli Luca,GLLLCU99E12L219L,Rovere Meccanica S.p.A.
4152,41,Simone Piras,PRSSMN83M19F205D,Rovere Meccanica S.p.A.
4152,43,Gallo Chiara,GLLCHR83M45G273W,Rovere Meccanica S.p.A.
4152,45,Ginevra Valentini,VLNGVR94C44H501I,Rovere Meccanica S.p.A.
4152,49,Lombardi Pietro,LMBPTR63B16B354E,Rovere Meccanica S.p.A.
4152,53,Silvestri Anna Maria,SLVNMR82P41B354U,Rovere Meccanica S.p.A.
4152,20,Mariani Noemi,MRNNMO94B60H501P,Rovere Meccanica S.p.A.
4167,2,Giulia Anna Orlando,RLNGNN68D61D612S,Salice Retail S.r.l.
4167,6,Rossi Bianchi Gian Marco,RSSGMR91R27D612N,Salice Retail S.r.l.
4167,10,Martini Sala Gian Marco,MRTGMR91L03G273A,Salice Retail S.r.l.
4167,14,Conte Gian Marco,CNTGMR66D28A944E,Salice Retail S.r.l.
4167,27,Emanuele Lo Presti,LPRMNL98P20D612V,Salice Retail S.r.l.
4167,34,Brambilla Anna Maria,BRMNMR65D49F205E,Salice Retail S.r.l.
4167,36,Barbieri Marta,BRBMRT74L50D612H,Salice Retail S.r.l.
4167,43,Emanuele Bernardi,BRNMNL66P27D612F,Salice Retail S.r.l.
4167,52,Lorenzo Farina,FRNLNZ63P16B354A,Salice Retail S.r.l.
4167,56,Ferrara Valentina,FRRVNT70M53H501A,Salice Retail S.r.l.
4167,56,Ferrara Valentina,FRRVNT70M53H501A,Salice Retail S.r.l.
4167,10,Martini Sala Gian Marco,MRTGMR91L03G273A,Salice Retail S.r.l.
4167,2,Giulia Anna Orlando,RLNGNN68D61D612S,Salice Retail S.r.l.
4175,8,Orlando Maria Sole,RLNMSL62P59H501Y,Tiglio Lab S.r.l.
4175,10,Sara Rizzo Neri,RZZSRA82T41G273Y,Tiglio Lab S.r.l.
4175,14,Di Marco Maria Grazia,DMRMGR73C44H501J,Tiglio Lab S.r.l.
4175,18,Anna Maria De Santis,DSNNMR68D47F205F,Tiglio Lab S.r.l.
4175,20,Donati Silvia,DNTSLV73M53D612O,Tiglio Lab S.r.l.
4175,23,Luca Colombo Villa,CLMLCU66E10L219Q,Tiglio Lab S.r.l.
4175,31,Fontana Massimo,FNTMSM68A17B354R,Tiglio Lab S.r.l.
4175,33,Pier Paolo Martini,MRTPPL79S22L219S,Tiglio Lab S.r.l.
4175,39,Laura Sanna,SNNLRA85P42A944U,Tiglio Lab S.r.l.
4175,43,Anna Rossi,RSSNNA91S46D612A,Tiglio Lab S.r.l.
4175,50,Andrea Romano,RMNNDR64S19G273I,Tiglio Lab S.r.l.
4175,55,Alessia Leone,LNELSS82D55A944P,Tiglio Lab S.r.l.
4175,900,La Rocca Noemi,LRCNMO75P50H501M,Tiglio Lab S.R.L.
4175,901,Rizzo Neri Federica,RZZFRC78L60H501V,Tiglio Lab S.R.L.
4175,902,Ferrari Galli Laura,FRRLRA72A57G273R,Tiglio Lab S.R.L.
4189,3,Castelli Giovanni Battista,CSTGNN72H19A944G,Ulivo Hotels S.r.l.
4189,6,Paolo Colombo Villa,CLMPLA84L21H501N,Ulivo Hotels S.r.l.
4189,12,Rossi Bianchi Maria Chiara,RSSMCH80L45D612G,Ulivo Hotels S.r.l.
4189,16,Ilaria Fumagalli,FMGLRI93H50D612B,Ulivo Hotels S.r.l.
4189,23,De Santis Nicola,DSNNCL68R24L736Z,Ulivo Hotels S.r.l.
4189,28,Lo Presti Paolo,LPRPLA62M03E506Q,Ulivo Hotels S.r.l.
4189,31,D'angelo Gabriele,DNGGRL99T06D612O,Ulivo Hotels S.r.l.
4189,33,Caruso Sofia,CRSSFO72R45H501B,Ulivo Hotels S.r.l.
4189,39,Massimo Benedetti,BNDMSM63R03B354V,Ulivo Hotels S.r.l.
4189,45,Martina Zanetti,ZNTMTN98T43C351Y,Ulivo Hotels S.r.l.
4189,33,Caruso Sofia,CRSSFO72R45H501B,Ulivo Hotels S.r.l.
4189,31,D'angelo Gabriele,DNGGRL99T06D612O,Ulivo Hotels S.r.l.
4189,3,Castelli Giovanni Battista,CSTGNN72H19A944G,Ulivo Hotels S.r.l.
5000,1,Fabio Sanna,SNNFBA70B04L219Y,Viola Elettronica S.r.l.
5000,3,Nicola Gentile,GNTNCL76A09F205E,Viola Elettronica S.r.l.
5000,5,Massimo Barbieri,BRBMSM70S15C351C,Viola Elettronica S.r.l.
5000,7,Anna Greco,GRCNNA75R48C351T,Viola Elettronica S.r.l.
5000,9,Nicola Moretti,MRTNCL77A09C351Q,Viola Elettronica S.r.l.
5000,11,Alessandro Sala,SLALSN66C04A944Y,Viola Elettronica S.r.l.
5000,13,Costa Pietro,CSTPTR83L18L219R,Viola Elettronica S.r.l.
5000,15,Rizzo Paolo,RZZPLA75M12G273P,Viola Elettronica S.r.l.
5000,17,Pagano Alessandro,PGNLSN63P05G273O,Viola Elettronica S.r.l.
5000,19,Martinelli Pietro,MRTPTR62D09A944S,Viola Elettronica S.r.l.
5000,21,Grasso Simone,GRSSMN94C19E506G,Viola Elettronica S.r.l.
5000,23,Carbone Ilaria,CRBLRI84B68G273T,Viola Elettronica S.r.l.
5000,25,Marino Federica,MRNFRC64S59L736Q,Viola Elettronica S.r.l.
5000,27,De Rosa Ilaria,DRSLRI66M64B354J,Viola Elettronica S.r.l.
5000,29,Nicola Galli,GLLNCL62A06E506Q,Viola Elettronica S.r.l.
5000,31,Longo Tommaso,LNGTMS90D13H501H,Viola Elettronica S.r.l.
5000,33,Laura Zanetti,ZNTLRA79A54G273K,Viola Elettronica S.r.l.
5000,35,Davide Fabbri,FBBDVD93B03A944B,Viola Elettronica S.r.l.
5000,37,Massimo Ferri,FRRMSM93E06F205I,Viola Elettronica S.r.l.
5000,39,Colombo Giuseppe,CLMGPP72B04B354K,Viola Elettronica S.r.l.
5000,41,Silvestri Chiara,SLVCHR75A68L219G,Viola Elettronica S.r.l.
5000,43,Lorenzo Bassi,BSSLNZ72R13F205I,Viola Elettronica S.r.l.
5000,45,Ferrara Davide,FRRDVD81D03G273F,Viola Elettronica S.r.l.
5000,47,Mazza Elena,MZZLNE75A67H501V,Viola Elettronica S.r.l.
5000,49,Martini Davide,MRTDVD82C02L736B,Viola Elettronica S.r.l.
5000,51,Sanna Massimo,SNNMSM97L13F205Y,Viola Elettronica S.r.l.
5000,53,Alessandro Mancini,MNCLSN80E06L736D,Viola Elettronica S.r.l.
5000,55,Sanna Francesca,SNNFNC86P62B354Y,Viola Elettronica S.r.l.
5000,57,Amato Francesca,MTAFNC69B43E506E,Viola Elettronica S.r.l.
5000,59,Aurora Esposito,SPSRRA94M55D612X,Viola Elettronica S.r.l.
5000,61,Gentile Alessia,GNTLSS78B50A944D,Viola Elettronica S.r.l.
5000,63,Mancini Beatrice,MNCBRC73H46L736M,Viola Elettronica S.r.l.
5000,65,Martini Anna,MRTNNA80A59H501V,Viola Elettronica S.r.l.
5000,67,Valentini Chiara,VLNCHR86D43L736Q,Viola Elettronica S.r.l.
5000,69,Gatti Paolo,GTTPLA89L05E506R,Viola Elettronica S.r.l.
5000,71,Laura Palumbo,PLMLRA66A50L219L,Viola Elettronica S.r.l.
5000,73,De Rosa Matteo,DRSMTT77H14G273U,Viola Elettronica S.r.l.
5000,75,Francesca Palumbo,PLMFNC63R42L219P,Viola Elettronica S.r.l.
5000,77,Simone Benedetti,BNDSMN84B14H501C,Viola Elettronica S.r.l.
5000,79,De Rosa Riccardo,DRSRCR80R03H501E,Viola Elettronica S.r.l.
5000,81,Gabriele Parisi,PRSGRL76A28H501W,Viola Elettronica S.r.l.
5000,83,Fabbri Nicola,FBBNCL83P10L219S,Viola Elettronica S.r.l.
5011,1,Bruno Alessandro,BRNLSN74D14G273A,Zenit Robotics S.r.l.
5011,3,Cattaneo Ginevra,CTTGVR63H50E506X,Zenit Robotics S.r.l.
5011,5,Emanuele Conti,CNTMNL99C16C351R,Zenit Robotics S.r.l.
5011,7,Pier Paolo Ferrara,FRRPPL72B02A944I,Zenit Robotics S.r.l.
5011,9,Nicola Romano,RMNNCL93A24C351B,Zenit Robotics S.r.l.
5011,11,Ferri Stefano,FRRSFN62E02D612H,Zenit Robotics S.r.l.
5011,13,Marini Stefano,MRNSFN72D04L736M,Zenit Robotics S.r.l.
5011,15,Francesco Brambilla,BRMFNC77S21B354I,Zenit Robotics S.r.l.
5011,17,Gabriele Bernardi,BRNGRL71H02D612N,Zenit Robotics S.r.l.
5011,19,Pietro Valentini,VLNPTR91C26B354P,Zenit Robotics S.r.l.
5011,21,Romano Gabriele,RMNGRL88E27H501A,Zenit Robotics S.r.l.
5011,23,Testa Alessia,TSTLSS83S48G273H,Zenit Robotics S.r.l.
5011,25,Gabriele Moretti,MRTGRL68D20F205A,Zenit Robotics S.r.l.
5011,27,Pagano Giuseppe,PGNGPP63E13D612F,Zenit Robotics S.r.l.
5011,29,Ferri Martina,FRRMTN90D41A944W,Zenit Robotics S.r.l.
5011,31,Riva Ginevra,RVIGVR77T51A944Q,Zenit Robotics S.r.l.
5011,33,Bruno Ilaria,BRNLRI93L58G273T,Zenit Robotics S.r.l.
5011,35,Galli Elena,GLLLNE64B55L736U,Zenit Robotics S.r.l.
5011,37,Paolo Esposito,SPSPLA81D07F205M,Zenit Robotics S.r.l.
5011,39,Tommaso De Rosa,DRSTMS84C10E506J,Zenit Robotics S.r.l.
5011,41,Beatrice Bellini,BLLBRC91C62E506U,Zenit Robotics S.r.l.
5011,43,Marchetti Alessia,MRCLSS67R51C351M,Zenit Robotics S.r.l.
5011,45,Martinelli Alessia,MRTLSS81L61B354B,Zenit Robotics S.r.l.
5011,47,Fontana Valentina,FNTVNT97M62C351B,Zenit Robotics S.r.l.
5011,49,Melis Nicola,MLSNCL75M15A944G,Zenit Robotics S.r.l.
5011,51,Marco Messina,MSSMRC71R11A944Y,Zenit Robotics S.r.l.
5011,53,Pozzi Alessandro,PZZLSN68T01D612R,Zenit Robotics S.r.l.
5011,55,Elena Neri,NRELNE83C47B354G,Zenit Robotics S.r.l.
5011,57,Morelli Elena,MRLLNE73R65E506H,Zenit Robotics S.r.l.
5011,59,Bianchi Alessandro,BNCLSN75S27B354V,Zenit Robotics S.r.l.
5011,61,Gentile Giulia,GNTGLI82L44H501N,Zenit Robotics S.r.l.
5011,63,Pietro Piras,PRSPTR99A01G273V,Zenit Robotics S.r.l.
5011,65,Nicola Bruno,BRNNCL71R08E506O,Zenit Robotics S.r.l.
5011,67,Parisi Anna Maria,PRSNMR76P67B354H,Zenit Robotics S.r.l.
5011,69,Ferrara Stefano,FRRSFN98S01L219H,Zenit Robotics S.r.l.
5011,71,Grasso Emanuele,GRSMNL85R04L219E,Zenit Robotics S.r.l.
5011,73,Lombardi Beatrice,LMBBRC65H58B354X,Zenit Robotics S.r.l.
5011,75,Matteo Donati,DNTMTT65B12F205Z,Zenit Robotics S.r.l.
5011,77,Fumagalli Pier Paolo,FMGPPL97P26B354P,Zenit Robotics S.r.l.
5011,79,De Rosa Anna,DRSNNA74R42D612I,Zenit Robotics S.r.l.
5011,81,Serra Andrea,SRRNDR78S26L219Q,Zenit Robotics S.r.l.
5011,83,Paolo Gentile,GNTPLA72S10L736K,Zenit Robotics S.r.l.
5011,85,Valentina Ferri,FRRVNT67H57L219P,Zenit Robotics S.r.l.
5011,87,Anna Maria Bassi,BSSNMR76H59H501M,Zenit Robotics S.r.l.
5011,89,Valentini Sofia,VLNSFO98A52D612I,Zenit Robotics S.r.l.
5011,91,Sanna Federica,SNNFRC72E68L219K,Zenit Robotics S.r.l.
5011,93,Beatrice Pellegrini,PLLBRC85P64B354G,Zenit Robotics S.r.l.
5011,95,Tommaso Melis,MLSTMS95R09C351L,Zenit Robotics S.r.l.
5011,97,Longo Francesco,LNGFNC82B09D612I,Zenit Robotics S.r.l.
5011,99,Carbone Matteo,CRBMTT63D15L219I,Zenit Robotics S.r.l.
5011,101,Martina Pozzi,PZZMTN89T47L219A,Zenit Robotics S.r.l.
5011,103,Ricci Marco,RCCMRC76A26L736F,Zenit Robotics S.r.l.
5011,105,Beatrice Rizzo,RZZBRC99S64G273J,Zenit Robotics S.r.l.
5011,107,Pagano Ginevra,PGNGVR92A50E506A,Zenit Robotics S.r.l.
5011,109,Rinaldi Gabriele,RNLGRL87P16F205N,Zenit Robotics S.r.l.
5011,111,Bruno Beatrice,BRNBRC63R65C351U,Zenit Robotics S.r.l.
5022,1,Maria Chiara Valentini,VLNMCH84M50B354B,Aurora Ristorazione S.r.l.
5022,3,Laura Donati,DNTLRA81B52C351N,Aurora Ristorazione S.r.l.
5022,5,Elena Colombo,CLMLNE72D67G273D,Aurora Ristorazione S.r.l.
5022,7,De Rosa Nicola,DRSNCL89M20E506H,Aurora Ristorazione S.r.l.
5022,9,Fabbri Pietro,FBBPTR80E28H501I,Aurora Ristorazione S.r.l.
5022,11,Martina Bianco,BNCMTN79B65H501F,Aurora Ristorazione S.r.l.
5022,13,Giordano Valentina,GRDVNT95T47E506O,Aurora Ristorazione S.r.l.
5022,15,Gatti Pier Paolo,GTTPPL73C26L736S,Aurora Ristorazione S.r.l.
5022,17,Paolo Neri,NREPLA85P17B354M,Aurora Ristorazione S.r.l.
5022,19,Sara Galli,GLLSRA89E45F205X,Aurora Ristorazione S.r.l.
5022,21,Massimo Melis,MLSMSM87B13B354U,Aurora Ristorazione S.r.l.
5022,23,Emanuele Silvestri,SLVMNL92L02L219Z,Aurora Ristorazione S.r.l.
5022,25,Greco Gian Marco,GRCGMR74A07E506W,Aurora Ristorazione S.r.l.
5022,27,Francesco De Santis,DSNFNC88P06L736J,Aurora Ristorazione S.r.l.
5022,29,Ilaria Silvestri,SLVLRI77R51F205Y,Aurora Ristorazione S.r.l.
5022,31,Moretti Marco,MRTMRC94T12L736E,Aurora Ristorazione S.r.l.
5022,33,Alessandro Russo,RSSLSN81L20L736X,Aurora Ristorazione S.r.l.
5022,35,Pellegrini Noemi,PLLNMO79C59H501X,Aurora Ristorazione S.r.l.
5022,37,Parisi Giulia,PRSGLI96A46L736E,Aurora Ristorazione S.r.l.
5022,39,Francesco Palumbo,PLMFNC78A08A944P,Aurora Ristorazione S.r.l.
5022,41,Anna Maria Ferri,FRRNMR66T65A944A,Aurora Ristorazione S.r.l.
5022,43,Palumbo Marta,PLMMRT85T45C351A,Aurora Ristorazione S.r.l.
5022,45,Riccardo Ferri,FRRRCR75E21H501D,Aurora Ristorazione S.r.l.
5022,47,Bassi Gian Marco,BSSGMR99D17G273B,Aurora Ristorazione S.r.l.
5022,49,Alessandro Costa,CSTLSN82D08E506L,Aurora Ristorazione S.r.l.
5022,51,De Rosa Francesca,DRSFNC65H66B354V,Aurora Ristorazione S.r.l.
5022,53,Valentini Massimo,VLNMSM90H14B354E,Aurora Ristorazione S.r.l.
5022,55,Martina Piras,PRSMTN91T49L219W,Aurora Ristorazione S.r.l.
5022,57,Santoro Luca,SNTLCU68D19L736C,Aurora Ristorazione S.r.l.
5022,59,Romano Simone,RMNSMN90A02B354T,Aurora Ristorazione S.r.l.
5022,61,Farina Gian Marco,FRNGMR99C02A944S,Aurora Ristorazione S.r.l.
5022,63,Riva Chiara,RVICHR99E44E506W,Aurora Ristorazione S.r.l.
5022,65,Anna Maria Bruno,BRNNMR95C46L219H,Aurora Ristorazione S.r.l.
5022,67,Aurora Conte,CNTRRA90T57F205W,Aurora Ristorazione S.r.l.
5022,69,Colombo Fabio,CLMFBA94L08G273V,Aurora Ristorazione S.r.l.
5022,71,Silvia Ferrara,FRRSLV94S56L219C,Aurora Ristorazione S.r.l.
5022,73,Chiara Bassi,BSSCHR80D60A944F,Aurora Ristorazione S.r.l.
5022,75,Fontana Chiara,FNTCHR96A66H501G,Aurora Ristorazione S.r.l.
5022,77,Palumbo Lorenzo,PLMLNZ98B14H501S,Aurora Ristorazione S.r.l.
5022,79,Costa Alessia,CSTLSS91H67L736F,Aurora Ristorazione S.r.l.
5022,81,Massimo Bellini,BLLMSM64A20H501X,Aurora Ristorazione S.r.l.
5022,83,Bruno Anna,BRNNNA78M41B354K,Aurora Ristorazione S.r.l.
5022,85,Greco Matteo,GRCMTT90D21F205G,Aurora Ristorazione S.r.l.
5022,87,Morelli Alessandro,MRLLSN69H28H501G,Aurora Ristorazione S.r.l.
5022,89,Noemi Silvestri,SLVNMO78C59F205V,Aurora Ristorazione S.r.l.
5022,91,Vitale Francesco,VTLFNC65A11L736T,Aurora Ristorazione S.r.l.
5022,93,Valentini Silvia,VLNSLV91D58C351M,Aurora Ristorazione S.r.l.
5022,95,Sara Rossi,RSSSRA98C56F205X,Aurora Ristorazione S.r.l.
5022,97,Stefano Fabbri,FBBSFN64D19L736M,Aurora Ristorazione S.r.l.
5022,99,Ricci Matteo,RCCMTT76M25A944R,Aurora Ristorazione S.r.l.
5022,101,Villa Laura,VLLLRA88R57B354I,Aurora Ristorazione S.r.l.
5022,103,Vitale Valentina,VTLVNT91S57G273Z,Aurora Ristorazione S.r.l.
5022,105,Riccardo Russo,RSSRCR91B15L736S,Aurora Ristorazione S.r.l.
5022,107,Carbone Simone,CRBSMN82E05B354G,Aurora Ristorazione S.r.l.
5022,109,Mariani Fabio,MRNFBA85R14F205T,Aurora Ristorazione S.r.l.
5033,1,Romano Sofia,RMNSFO96T60H501I,Bora Tessile S.p.A.
5033,3,Federica Barbieri,BRBFRC73S43G273S,Bora Tessile S.p.A.
5033,5,Anna Maria Rinaldi,RNLNMR63P55G273W,Bora Tessile S.p.A.
5033,7,Sanna Ginevra,SNNGVR78M45B354T,Bora Tessile S.p.A.
5033,9,Moretti Fabio,MRTFBA86B13F205G,Bora Tessile S.p.A.
5033,11,Sanna Andrea,SNNNDR79S26L219I,Bora Tessile S.p.A.
5033,13,Rizzo Emanuele,RZZMNL86R23E506S,Bora Tessile S.p.A.
5033,15,Morelli Lorenzo,MRLLNZ96C27H501X,Bora Tessile S.p.A.
5033,17,Sala Stefano,SLASFN99B28L219I,Bora Tessile S.p.A.
5033,19,Barbieri Anna Maria,BRBNMR91R63G273U,Bora Tessile S.p.A.
5033,21,Pietro Rizzo,RZZPTR86C24F205Y,Bora Tessile S.p.A.
5033,23,Maria Chiara Benedetti,BNDMCH69E68G273T,Bora Tessile S.p.A.
5033,25,Marco Morelli,MRLMRC85D19D612H,Bora Tessile S.p.A.
5033,27,Aurora Guerra,GRRRRA92L48G273X,Bora Tessile S.p.A.
5033,29,Sara Fabbri,FBBSRA81H58D612P,Bora Tessile S.p.A.
5033,31,Leone Noemi,LNENMO70L56C351H,Bora Tessile S.p.A.
5033,33,Bianco Gian Marco,BNCGMR64L07L736U,Bora Tessile S.p.A.
5033,35,Sala Anna,SLANNA80H59F205H,Bora Tessile S.p.A.
5033,37,Brambilla Laura,BRMLRA73L50B354A,Bora Tessile S.p.A.
5033,39,Monti Marco,MNTMRC67P26D612D,Bora Tessile S.p.A.
5033,41,Gentile Luca,GNTLCU92M12D612V,Bora Tessile S.p.A.
5033,43,Laura Fontana,FNTLRA82A43A944Y,Bora Tessile S.p.A.
5033,45,Farina Stefano,FRNSFN81L23H501J,Bora Tessile S.p.A.
5033,47,Marta Caruso,CRSMRT85T56G273T,Bora Tessile S.p.A.
5033,49,Amato Massimo,MTAMSM99S05C351K,Bora Tessile S.p.A.
5033,51,Vitale Maria Chiara,VTLMCH80P51C351O,Bora Tessile S.p.A.
5033,53,Carbone Valentina,CRBVNT66A47H501B,Bora Tessile S.p.A.
5033,55,Giuseppe Bruno,BRNGPP77T16L736J,Bora Tessile S.p.A.
5033,57,Conti Elena,CNTLNE62C65B354I,Bora Tessile S.p.A.
5033,59,Maria Chiara D'angelo,DNGMCH95R49B354W,Bora Tessile S.p.A.
5033,61,Marini Alessandro,MRNLSN76M22H501W,Bora Tessile S.p.A.
5033,63,Melis Silvia,MLSSLV81P62L219Z,Bora Tessile S.p.A.
5033,65,Gian Marco De Luca,DLCGMR77E21L219U,Bora Tessile S.p.A.
5033,67,Villa Francesca,VLLFNC97E47D612F,Bora Tessile S.p.A.
5033,69,Anna Romano,RMNNNA99H54B354V,Bora Tessile S.p.A.
5033,71,Nicola Amato,MTANCL63P25B354V,Bora Tessile S.p.A.
5033,73,Longo Alessia,LNGLSS92R47L736P,Bora Tessile S.p.A.
5033,75,Rossi Alessandro,RSSLSN86D11A944K,Bora Tessile S.p.A.
5033,77,Noemi Conte,CNTNMO74D67A944C,Bora Tessile S.p.A.
5033,79,Marino Massimo,MRNMSM91M06G273B,Bora Tessile S.p.A.
5033,81,D'angelo Valentina,DNGVNT72B58F205E,Bora Tessile S.p.A.
5033,83,Marino Giulia,MRNGLI64A42B354B,Bora Tessile S.p.A.
5033,85,Nicola Barbieri,BRBNCL86L25H501K,Bora Tessile S.p.A.
5033,87,Rinaldi Aurora,RNLRRA85R67B354D,Bora Tessile S.p.A.
5033,89,Federica Gallo,GLLFRC77S53E506K,Bora Tessile S.p.A.
5044,1,Colombo Andrea,CLMNDR97T11L736D,Cirro Assicura S.r.l.
5044,3,Emanuele Benedetti,BNDMNL67E28A944T,Cirro Assicura S.r.l.
5044,5,Santoro Matteo,SNTMTT93C05L219C,Cirro Assicura S.r.l.
5044,7,Conti Luca,CNTLCU62C05D612A,Cirro Assicura S.r.l.
5044,9,Luca Barbieri,BRBLCU66L18E506L,Cirro Assicura S.r.l.
5044,11,De Luca Paolo,DLCPLA68R26B354B,Cirro Assicura S.r.l.
5044,13,Galli Francesco,GLLFNC89E10L736K,Cirro Assicura S.r.l.
5044,15,Monti Francesco,MNTFNC64H24L219C,Cirro Assicura S.r.l.
5044,17,Marino Anna,MRNNNA82E45L736I,Cirro Assicura S.r.l.
5044,19,Francesco Testa,TSTFNC85C22A944W,Cirro Assicura S.r.l.
5044,21,Russo Matteo,RSSMTT76L13H501A,Cirro Assicura S.r.l.
5044,23,Francesca Moretti,MRTFNC64M54A944D,Cirro Assicura S.r.l.
5044,25,Morelli Francesco,MRLFNC93E13L736E,Cirro Assicura S.r.l.
5044,27,Costa Noemi,CSTNMO86R57H501M,Cirro Assicura S.r.l.
5044,29,Bruno Gabriele,BRNGRL74D18G273C,Cirro Assicura S.r.l.
5044,31,Martini Giuseppe,MRTGPP99A20L219K,Cirro Assicura S.r.l.
5044,33,Noemi Brambilla,BRMNMO69L61A944L,Cirro Assicura S.r.l.
5044,35,Melis Marco,MLSMRC72C18B354F,Cirro Assicura S.r.l.
5044,37,Fabio Parisi,PRSFBA96L13L736S,Cirro Assicura S.r.l.
5044,39,Gabriele Carbone,CRBGRL87C08B354V,Cirro Assicura S.r.l.
5044,41,Andrea Farina,FRNNDR76C02D612D,Cirro Assicura S.r.l.
5044,43,Davide D'angelo,DNGDVD88L15L736Z,Cirro Assicura S.r.l.
5044,45,Gatti Francesco,GTTFNC68H18F205A,Cirro Assicura S.r.l.
5044,47,Simone Morelli,MRLSMN66C26D612I,Cirro Assicura S.r.l.
5044,49,Anna Maria Donati,DNTNMR66C49D612M,Cirro Assicura S.r.l.
5044,51,Testa Massimo,TSTMSM79H07G273U,Cirro Assicura S.r.l.
5044,53,Serra Stefano,SRRSFN83B18G273P,Cirro Assicura S.r.l.
5044,55,De Luca Sara,DLCSRA63D45F205T,Cirro Assicura S.r.l.
5044,57,Davide Mazza,MZZDVD74R16L219V,Cirro Assicura S.r.l.
5044,59,Giordano Pietro,GRDPTR62E20F205T,Cirro Assicura S.r.l.
5044,61,Francesca Russo,RSSFNC74T51H501X,Cirro Assicura S.r.l.
5044,63,Francesca Mancini,MNCFNC99T66B354H,Cirro Assicura S.r.l.
5044,65,Valentini Paolo,VLNPLA76C26L219Z,Cirro Assicura S.r.l.
5044,67,Mariani Giulia,MRNGLI68C56L736L,Cirro Assicura S.r.l.
5044,69,Paolo Ferrara,FRRPLA78C18E506Q,Cirro Assicura S.r.l.
5044,71,Benedetti Elena,BNDLNE80H41C351M,Cirro Assicura S.r.l.
5044,73,Bellini Sofia,BLLSFO94P66L736V,Cirro Assicura S.r.l.
5044,75,Maria Chiara Romano,RMNMCH92E47C351R,Cirro Assicura S.r.l.
5044,77,Parisi Marta,PRSMRT75L62D612Z,Cirro Assicura S.r.l.
5044,79,Massimo Bernardi,BRNMSM62P10A944E,Cirro Assicura S.r.l.
5044,81,Galli Maria Chiara,GLLMCH71M60C351P,Cirro Assicura S.r.l.
5044,83,Luca Pozzi,PZZLCU69P21D612A,Cirro Assicura S.r.l.
5044,85,Costa Chiara,CSTCHR74M48H501H,Cirro Assicura S.r.l.
5044,87,Ilaria Riva,RVILRI65B68G273A,Cirro Assicura S.r.l.
5044,89,Conte Francesca,CNTFNC87C63L219A,Cirro Assicura S.r.l.
5044,91,Valentina Grasso,GRSVNT95T59A944G,Cirro Assicura S.r.l.
5044,93,Moretti Martina,MRTMTN99M48B354Y,Cirro Assicura S.r.l.
5044,95,De Rosa Pier Paolo,DRSPPL66D13D612B,Cirro Assicura S.r.l.
5044,97,Barbieri Sofia,BRBSFO80H42C351D,Cirro Assicura S.r.l.
5044,99,Luca Palumbo,PLMLCU86P17A944B,Cirro Assicura S.r.l.
5044,101,Davide Farina,FRNDVD69L22L219V,Cirro Assicura S.r.l.
5044,103,Ferri Francesca,FRRFNC83T51G273B,Cirro Assicura S.r.l.
5044,105,Costa Fabio,CSTFBA77A01B354Y,Cirro Assicura S.r.l.
