19;RUSSO;MARCO ANTONIO;X71180;20260924;;;;60,00;;Liberalità;;
19;DELLA ROSA;FABIO;X71203;20260923;;;;119,00;;Liberalità;;
19;DELLA ROSA;FABIO;X71180;20260924;;;;99,61;;Liberalità;;
19;DELLA ROSA;FABIO;X71180;20260925;;;;212,17;;Liberalità;;
19;COLOMBO VILLA;GIULIA ANNA;X71180;20260925;;;;113,00;;Liberalità;;
19;COLOMBO VILLA;GIULIA ANNA;X71180;20260917;;;;86,00;;Liberalità;;
19;MARINI;SOFIA;X71173;20260921;;;;3103,27;;Liberalità;2026MRNLSN19R25F205H;
19;MARINI;SOFIA;X71180;20260903;;;;288,12;;Liberalità;;
19;MARINI;SOFIA;X71173;20260915;;;;895,68;;Liberalità;2026MRNRCR09R22D612A;
19;VITALE;SIMONE;X71173;20260923;;;;2080,00;;Liberalità;2026VTLCHR18R68L219J;
19;DE SANTIS;LAURA;X71133;20260912;;;;50,00;;Liberalità;;
19;DE SANTIS;LAURA;X71180;20260921;;;;159,62;;Liberalità;;
