Nome dipendente;Cognome dipendente;Nome fruitore benefit;Cognome fruitore benefit;Parentela fruitore benefit;Codice fiscale fruitore benefit;Categoria;Tipologia di welfare;Tipologia di servizio;Riferimento al TUIR;Fonte;Fonte anno precedente;Descrizione;Modalita' di assegnazione;Data di assegnazione;Valore;Causale;CU;  
Alessandro;Coppola;EMANUELE;COPPOLA;Figlio/a;CPPMNL17R07H501U;Flexible;RIMBORSO;Asilo nido;Art. 51 c.2 lett. f-bis;On Top;;;Rimborso;13/09/2026;400,09;;12;  
Alessandro;Coppola;Alessandro;Coppola;Me stesso;CPPLSN92D26D612T;Flexible;VOUCHER;;Art. 51 c.2 lett. f;On Top;;;Voucher;07/09/2026;148,00;;;  
Alessandro;Coppola;SIMONE;COPPOLA;Figlio/a;CPPSMN14R16C351R;Flexible;RIMBORSO;Istruzione non universitaria;Art. 51 c.2 lett. f-bis;On Top;;;Rimborso;28/09/2026;351,72;;12;  
Giulia Anna;Di Marco;Giulia Anna;Di Marco;Me stesso;DMRGNN91L60H501Z;Flexible;VOUCHER;;Art. 51 c.2 lett. f;On Top;;;Voucher;08/09/2026;56,00;;;  
Giulia Anna;Di Marco;Giulia Anna;Di Marco;Me stesso;DMRGNN91L60H501Z;Flexible;VOUCHER;;Art. 51 c.3;On Top;;;Voucher;07/09/2026;191,71;;;  
Giulia Anna;Di Marco;Giulia Anna;Di Marco;Me stesso;DMRGNN91L60H501Z;Flexible;VOUCHER;;Art. 51 c.3;On Top;;;Voucher;27/09/2026;71,44;;;  
Laura;Ferrari Galli;LORENZO;FERRARI GALLI;Figlio/a;FRRLNZ09D24C351A;Flexible;RIMBORSO;Istruzione non universitaria;Art. 51 c.2 lett. f-bis;On Top;;;Rimborso;13/09/2026;346,00;;12;  
Luca;Longo;FRANCESCA;LONGO;Figlio/a;LNGFNC20R53A944M;Flexible;RIMBORSO;Istruzione non universitaria;Art. 51 c.2 lett. f-bis;On Top;;;Rimborso;16/09/2026;145,52;;12;  
Luca;Longo;ELENA;LONGO;Figlio/a;LNGLNE20S41L736W;Flexible;RIMBORSO;Istruzione non universitaria;Art. 51 c.2 lett. f-bis;On Top;;;Rimborso;28/09/2026;140,89;;12;  
Matteo;Martini;Matteo;Martini;Me stesso;MRTMTT70S02E506Z;Flexible;VOUCHER;;Art. 51 c.2 lett. d-bis;On Top;;;Voucher;24/09/2026;44,00;;;  
Nicola;Martini Sala;Nicola;Martini Sala;Me stesso;MRTNCL89C22H501Z;Flexible;VOUCHER;;Art. 51 c.2 lett. d-bis;On Top;;;Voucher;18/09/2026;31,29;;;  
Nicola;Martini Sala;ANNA;MARTINI SALA;Figlio/a;MRTNNA14B66B354O;Flexible;RIMBORSO;Istruzione non universitaria;Art. 51 c.2 lett. f-bis;On Top;;;Rimborso;03/09/2026;169,10;;12;  
Pier Paolo;Melis;SILVIA;MELIS;Figlio/a;MLSSLV15S43A944A;Flexible;RIMBORSO;Istruzione non universitaria;Art. 51 c.2 lett. f-bis;On Top;;;Rimborso;14/09/2026;367,24;;12;  
Pier Paolo;Melis;Pier Paolo;Melis;Me stesso;MLSPPL86T05C351V;Flexible;VOUCHER;;Art. 51 c.2 lett. f;On Top;;;Voucher;16/09/2026;143,00;;;  
Alessia;Palumbo;Alessia;Palumbo;Me stesso;PLMLSS62D66A944R;Flexible;VOUCHER;;Art. 51 c.2 lett. d-bis;On Top;;;Voucher;01/09/2026;33,33;;;  
Giuseppe;Santoro;Giuseppe;Santoro;Me stesso;SNTGPP86M18E506I;Flexible;VOUCHER;;Art. 51 c.2 lett. f;On Top;;;Voucher;24/09/2026;64,00;;;  
Giuseppe;Santoro;Giuseppe;Santoro;Me stesso;SNTGPP86M18E506I;Flexible;VOUCHER;;Art. 51 c.2 lett. f;On Top;;;Voucher;24/09/2026;193,93;;;  
